<?xml version="1.0"?>
<newCSconfig>
	<readers name="Dreambox SCI">
		<device>
			<name>SCI Lower Slot</name>
			<type>sci</type>
			<mhz>600</mhz>
			<node>/dev/sci0</node>
			<parity>even</parity>
			<reset>normal</reset>
			<export>Yes</export>
			<enabled>Yes</enabled>
			<blocksa>No</blocksa>
			<blockua>No</blockua>
			<blockga>No</blockga>
			<blockc0>No</blockc0>
			<crypto-special>No</crypto-special>
			<PTShandshake>Yes</PTShandshake>
			<carddetect>yes</carddetect>
			<newcamd_port>10000</newcamd_port>
			<autosid>Yes</autosid>
			<Seca-PPV>no</Seca-PPV>
			<pincode>0000</pincode>
			<priority>round</priority>
		</device>
		<device>
			<name>SCI Upper Slot</name>
			<type>sci</type>
			<mhz>600</mhz>
			<node>/dev/sci1</node>
			<parity>even</parity>
			<reset>normal</reset>
			<export>Yes</export>
			<enabled>Yes</enabled>
			<blocksa>No</blocksa>
			<blockua>No</blockua>
			<blockga>No</blockga>
			<blockc0>No</blockc0>
			<crypto-special>No</crypto-special>
			<PTShandshake>Yes</PTShandshake>
			<carddetect>yes</carddetect>
			<newcamd_port>10001</newcamd_port>
			<autosid>Yes</autosid>
			<Seca-PPV>no</Seca-PPV>
			<pincode>0000</pincode>
			<priority>round</priority>
		</device>
	</readers>
	<radegastserver>
			<enabled>No</enabled>
			<port>10003</port>
			<allow>
			<hostname>localhost</hostname>
			</allow>
	</radegastserver>
	<cache>
			<emm>20</emm>
			<ecm>-1</ecm>
	</cache>
	<httpd>
		<server>
			<port>8080</port>
			<enabled>Yes</enabled>
		</server>
		<user>
			<name>newcs</name>
			<password>newcs</password>
			<accesslevel>admin</accesslevel>
		</user>
	</httpd>
	<debug>
			<password></password>
			<mode>advanced</mode>
			<level>internal</level>
			<type>all</type>
			<output>console,tcp</output>
			<console_options>internal,all</console_options>
			<logfile>/tmp/newcs.log</logfile>
			<file_options>internal,all</file_options>
			<tcp_port>3001</tcp_port>
			<tcp_options>internal,all</tcp_options>
	</debug>
	<newcamdserver>
			<enabled>Yes</enabled>
			<name>newcs</name>
			<deskey>01 02 03 04 05 06 07 08 09 10 11 12 13 14</deskey>
			<user>
				<name>local</name>
				<password>local</password>
				<hostname>localhost</hostname>
				<au>On</au>
				<sidoverride>On</sidoverride>
				<readers>
					<allow>SCI Lower Slot</allow>
					<allow>SCI Upper Slot</allow>
				</readers>
				<spider>No</spider>
                                <rate>1</rate>
                                <cardlevel>0</cardlevel>
			</user>
	</newcamdserver>
</newCSconfig>
