<?xml version="1.0"?>
<newCSconfig>
    <globals>
		<!-- valid value for listening-ip are:
				IPv4 adress of local interface.  -->
		<listening-ip>127.0.0.1</listening-ip>
    </globals>
    <readers name="smartreader+">
        <device>
            <name>/dev/ttyUSB0</name>
            <type>smartreader</type>
            <mhz>368</mhz>
            <node>/dev/ttyUSB0</node>
            <parity>odd</parity>
            <reset>normal</reset>
            <export>Yes</export>
            <enabled>Yes</enabled>
            <blocksa>No</blocksa>
            <blockua>No</blockua>
            <blockga>No</blockga>
            <blockC0>Yes</blockC0>
            <carddetect>no</carddetect>
            <newcamd_port>22000</newcamd_port>
            <autosid>Yes</autosid>
            <priority>round</priority>
        </device>
    </readers>
    <httpd>
        <server>
            <port>8080</port>
            <enabled>yes</enabled>
        </server>
        <user>
            <name>newcs</name>
            <password>newcs</password>
            <accesslevel>admin</accesslevel>
        </user>
    </httpd>
    <debug>
            <password>NewCSpwd</password>
            <mode>simple</mode>
            <level>internal</level>
            <type>all</type>
            <output>console,tcp</output>
            <tcp_port>1001</tcp_port>
            <tcp_options>normal,init</tcp_options>
    </debug>
    <newcamdserver>
            <enabled>Yes</enabled>
            <name>newcs</name>
            <deskey>01 02 03 04 05 06 07 08 09 10 11 12 13 14</deskey>
            <user>
                <name>CCcam1</name>
                <password>Root1</password>
                <hostname>localhost</hostname>
                <port>22000</port>
                <au>on</au>
                <sidoverride>off</sidoverride>
                <spider>No</spider>
                <allow>lower</allow>
           </user>
</newcamdserver>
</newCSconfig>